hotel_city,hotel_name,hotel_score,hotel_desc,hotel_url
Montauban,Castel Bois Marie,9.3,Deluxe King Suite,https://www.booking.com/hotel/fr/castel-bois-marie.en-gb.html
Montauban,Abbaye des Capucins Spa & Resort,8.2,Double Room Tradition,https://www.booking.com/hotel/fr/abbaye-des-capucins-spa-and-resort.en-gb.html
Montauban,Manoir de la Gravette Maison d'Hôtes,9.6,Deluxe Double Room,https://www.booking.com/hotel/fr/le-manoir-de-la-gravette.en-gb.html
Montauban,room five MONTAUBAN,9.5,One-Bedroom Apartment,https://www.booking.com/hotel/fr/room-five-montauban.en-gb.html
Montauban,Le Clos de Saint Amour,8.8,Family Room Cupidon,https://www.booking.com/hotel/fr/le-clos-de-saint-amour.en-gb.html
Collioure,Hôtel La Casa Pairal,8.8,Collection Double Room,https://www.booking.com/hotel/fr/hotelcasapairal.en-gb.html
Aix-en-Provence,Renaissance Aix-en-Provence Hotel,8.2,Superior King Room,https://www.booking.com/hotel/fr/renaissance-aix-en-provence.en-gb.html
Cassis,Hôtel Les Roches Blanches Cassis,8.7,Deluxe Room,https://www.booking.com/hotel/fr/des-roches-blanches.en-gb.html
Montauban,Kyriad Montauban Sud - Albasud,6.5,Double Room,https://www.booking.com/hotel/fr/hoteletrestaurantcampanilemontauban.en-gb.html
Montauban,Brit Hotel Confort Montauban,7.6,Standard Double Room,https://www.booking.com/hotel/fr/deltour-montauban-city.en-gb.html
Montauban,Les Loges de Montauban,9.0,One-Bedroom Apartment,https://www.booking.com/hotel/fr/les-loges-de-montauban.en-gb.html
Montauban,Hotel Kyriad Montauban,7.4,Double Room,https://www.booking.com/hotel/fr/kyriad-montauban-montauban.en-gb.html
Montauban,En toute intimité dans le centre historique,9.0,One-Bedroom Apartment,https://www.booking.com/hotel/fr/en-toute-intimite-dans-le-centre-historique.en-gb.html
Montauban,Domaine de Belcayre,8.9,Double Room,https://www.booking.com/hotel/fr/domaine-de-belcayre.en-gb.html
Collioure,Les Roches Brunes,9.0,Double Room with Sea View,https://www.booking.com/hotel/fr/les-roches-brunes-collioure.en-gb.html
Collioure,Le Relais Des Trois Mas,8.7,Comfort Double Room Without Balcony,https://www.booking.com/hotel/fr/le-relais-des-trois-mas.en-gb.html
Collioure,L'équinoxe,9.4,Three-Bedroom Apartment,https://www.booking.com/hotel/fr/l-39-equinoxe.en-gb.html
Collioure,Le Machado,8.6,Deluxe Apartment,https://www.booking.com/hotel/fr/le-machado.en-gb.html
Collioure,Mas de la Croette Collioure,,Villa with Private Pool,https://www.booking.com/hotel/fr/mas-de-la-croette-collioure.en-gb.html
Aix-en-Provence,Les Lodges Sainte-Victoire Hotel & Spa,9.0,Deluxe Double Room with Free Spa Access,https://www.booking.com/hotel/fr/les-lodges-sainte-victoire.en-gb.html
Aix-en-Provence,Villa Saint-Ange,9.3,Standard Double or Twin Room,https://www.booking.com/hotel/fr/villa-saint-ange.en-gb.html
Aix-en-Provence,Le Pigonnet - Esprit de France,8.5,Classic Double Room,https://www.booking.com/hotel/fr/le-pigonnet.en-gb.html
Aix-en-Provence,Château de la Gaude,9.0,Deluxe Room,https://www.booking.com/hotel/fr/chateau-de-la-gaude.en-gb.html
Aix-en-Provence,Villa Gallici Hôtel & Spa,9.1,Classic Double Room with Free Spa Access,https://www.booking.com/hotel/fr/villagallici.en-gb.html
Aix-en-Provence,Aquabella Hôtel & Spa,8.4,Comfort Double Room,https://www.booking.com/hotel/fr/hotel-aquabella.en-gb.html
Cassis,Apartment Avenue Des Terrasses,8.9,Apartment - Ground Floor,https://www.booking.com/hotel/fr/apartment-avenue-des-terrasses.en-gb.html
Cassis,Domaine Maraspar Cassis,,Holiday Home,https://www.booking.com/hotel/fr/domaine-maraspar-cassis.en-gb.html
Cassis,Caro à Cassis,8.2,Three-Bedroom Apartment,https://www.booking.com/hotel/fr/caro-a-cassis.en-gb.html
Cassis,Les Jardins de Cassis,7.8,Double Room,https://www.booking.com/hotel/fr/les-jardins-de-cassis.en-gb.html
Cassis,Villa Le Sud,9.4,Double Room,https://www.booking.com/hotel/fr/villa-le-sud-cassis.en-gb.html
Cassis,Best Western Hotel & SPA Coeur De Cassis,8.1,Classic Queen Room,https://www.booking.com/hotel/fr/du-grand-jardin.en-gb.html
Montauban,Le Central,7.6,Two-Bedroom Apartment,https://www.booking.com/hotel/fr/le-central-montauban.en-gb.html
Montauban,Suite privée avec piscine,8.1,One-Bedroom Apartment,https://www.booking.com/hotel/fr/suite-privee-avec-piscine.en-gb.html
Montauban,2 appartements Rue du greffe,8.6,One-Bedroom Apartment,https://www.booking.com/hotel/fr/authentic-night-montauban.en-gb.html
Montauban,Logement 2 chambres - Hypercentre Montauban,,Two-Bedroom Apartment,https://www.booking.com/hotel/fr/montauban.en-gb.html
Montauban,Charmant appartement 6 personnes - 1 min à pied hypercentre Montauban,,Two-Bedroom Apartment,https://www.booking.com/hotel/fr/appartement-chourfi.en-gb.html
Collioure,Hôtel Princes de Catalogne,7.9,Standard Double or Twin Room,https://www.booking.com/hotel/fr/princes-de-catalogne.en-gb.html
Collioure,Hotel Le Bon Port,8.1,Double Room with Sea View,https://www.booking.com/hotel/fr/le-bon-port.en-gb.html
Collioure,Le Mas des Citronniers,8.0,Classic Double Room,https://www.booking.com/hotel/fr/lesmasdescitronniers.en-gb.html
Collioure,La Frégate,8.2,Superior Double Room,https://www.booking.com/hotel/fr/la-fra-c-gate-collioure.en-gb.html
Collioure,Hotel Méditerranée,7.7,Double Room,https://www.booking.com/hotel/fr/mediterranee-collioure.en-gb.html
Aix-en-Provence,Hôtel Cézanne Boutique-Hôtel,8.1,Superior Double Room,https://www.booking.com/hotel/fr/cezanne-aix-en-provence.en-gb.html
Aix-en-Provence,Negrecoste Hôtel & Spa,7.7,Classic Double Room,https://www.booking.com/hotel/fr/grand-negre-coste.en-gb.html
Aix-en-Provence,Golden Tulip Aix en Provence,8.0,Superior Queen Room,https://www.booking.com/hotel/fr/golden-tulip-aix-en-provence.en-gb.html
Aix-en-Provence,Grand Hôtel Roi René Aix en Provence Centre - MGallery,7.8,Classic Double Room,https://www.booking.com/hotel/fr/grand-mercure-roi-rene.en-gb.html
Aix-en-Provence,Aparthotel Adagio Aix-en-Provence Centre,8.4,Superior Apartment with Balcony,https://www.booking.com/hotel/fr/pierre-vacances-city-centre.en-gb.html
Cassis,"Hôtel et Appartement ""Le Maguy""",8.7,Studio with Mountain View,https://www.booking.com/hotel/fr/ha-tel-de-france-maguy.en-gb.html
Cassis,Studio Calendal,7.2,Studio Apartment,https://www.booking.com/hotel/fr/studio-calendal.en-gb.html
Cassis,Hotel de La Plage - Mahogany,7.9,Double Room with Garden View,https://www.booking.com/hotel/fr/de-la-plage-cassis.en-gb.html
Cassis,Royal Cottage,8.2,Superior Double Room with Terrace,https://www.booking.com/hotel/fr/royal-cottage.en-gb.html
Cassis,Best Western Plus Hôtel la Rade,8.0,Comfort Queen Room,https://www.booking.com/hotel/fr/la-rade-cassis.en-gb.html
Montauban,In Town by BNB Conciergerie Montauban,9.0,Studio Apartment,https://www.booking.com/hotel/fr/le-in-town-by-bnb-conciergerie-montauban.en-gb.html
Montauban,L'Escale des Libellules by BNB Conciergerie Mtban,10,Apartment,https://www.booking.com/hotel/fr/escale-des-libellules-by-bnb-conciergerie-mtban.en-gb.html
Montauban,Moustier,8.6,One-Bedroom Apartment,https://www.booking.com/hotel/fr/moustier.en-gb.html
Montauban,COSYment parfait,8.1,Apartment,https://www.booking.com/hotel/fr/cosyment-parfait.en-gb.html
Montauban,L'intimiste by BNB Conciergerie Montauban,8.5,Studio with Sofa Bed,https://www.booking.com/hotel/fr/intimiste-by-bnb-conciergerie-montauban.en-gb.html
Collioure,Ibanova Appartements,8.4,Studio Apartment,https://www.booking.com/hotel/fr/ibanova.en-gb.html
Collioure,Le Clos Saint Elme,7.9,Large Double Room,https://www.booking.com/hotel/fr/les-lauriers-roses-collioure.en-gb.html
Collioure,Le Madeloc Hôtel & Spa,8.8,Standard Room,https://www.booking.com/hotel/fr/madeloc.en-gb.html
Collioure,Appartement fonctionnel hauteurs de Collioure,7.8,One-Bedroom Apartment,https://www.booking.com/hotel/fr/appartement-fonctionnel-a-collioure.en-gb.html
Collioure,Résidence du Soleil,7.8,Apartment,https://www.booking.com/hotel/fr/residence-du-soleil-collioure.en-gb.html
Collioure,Les Chênes-lièges d'Ambeille,8.0,One-Bedroom Apartment,https://www.booking.com/hotel/fr/chenes-lieges.en-gb.html
Aix-en-Provence,Novotel Aix-en-Provence Pont de L'Arc,7.0,Classic Room with One Double Bed and One Sofa,https://www.booking.com/hotel/fr/aix-en-provence-pont-de-l-arc-fenouilleres.en-gb.html
Aix-en-Provence,Maison Jalon,9.6,Double Room with Pool View,https://www.booking.com/hotel/fr/maison-jalon.en-gb.html
Aix-en-Provence,Hôtel Birdy by Happyculture,8.0,Standard Twin Room,https://www.booking.com/hotel/fr/royal-mirabeau.en-gb.html
Aix-en-Provence,La Bastide de Ganay,8.9,Double Room,https://www.booking.com/hotel/fr/la-bastide-de-ganay-aix-en-provence123456789101112.en-gb.html
Aix-en-Provence,Les Suites du Cours & Spa,9.1,Deluxe Suite with Balcony,https://www.booking.com/hotel/fr/les-suites-du-cours.en-gb.html
Cassis,La Rade,8.8,Apartment with Sea View,https://www.booking.com/hotel/fr/la-rade-cassis1.en-gb.html
Cassis,Chez Mamouska,8.2,Double Room with Terrace,https://www.booking.com/hotel/fr/chez-mamouska.en-gb.html
Cassis,Mirabeau - Chambre Meublée,8.1,Double Room,https://www.booking.com/hotel/fr/mirabeau-cassis.en-gb.html
Cassis,CALYPSO,8.2,Apartment with Sea View,https://www.booking.com/hotel/fr/sea-and-sun-cassis.en-gb.html
Cassis,"Cassis centre, superbe appartement neuf, 50m port.",9.2,One-Bedroom Apartment,https://www.booking.com/hotel/fr/cassis-centre-superbe-appartement-neuf-50m-port.en-gb.html
Montauban,Les Chalets du Manoir,9.1,Double Room,https://www.booking.com/hotel/fr/les-chalets-du-manoir.en-gb.html
Montauban,B&B HOTEL Montauban,7.8,Standard Double Room,https://www.booking.com/hotel/fr/b-amp-b-montauban.en-gb.html
Montauban,Kyriad Direct Montauban Centre,6.9,1 lit double + 1 lit simple superposé,https://www.booking.com/hotel/fr/kyriad-direct-montauban-centre.en-gb.html
Montauban,ibis budget Montauban Les Chaumes,7.7,Triple Room,https://www.booking.com/hotel/fr/ibis-budget-montauban-les-chaumes.en-gb.html
Collioure,Magnifique appartement proche centre Collioure,8.0,Two-Bedroom Apartment,https://www.booking.com/hotel/fr/magnifique-appartement-proche-centre-collioure.en-gb.html
Collioure,location Coma Chéric,9.1,Three-Bedroom Apartment,https://www.booking.com/hotel/fr/location-coma-cheric.en-gb.html
Collioure,Résidence Saint Vincent,8.0,Studio third floor,https://www.booking.com/hotel/fr/residence-saint-vincent.en-gb.html
Collioure,Duplex quartier piéton,8.2,Two-Bedroom Apartment,https://www.booking.com/hotel/fr/duplex-quartier-pieton.en-gb.html
Collioure,Le charme de Collioure,7.2,One-Bedroom Apartment,https://www.booking.com/hotel/fr/le-charme-de-collioure.en-gb.html
Aix-en-Provence,Novotel Aix-en-Provence Beaumanoir,7.0,Family Room,https://www.booking.com/hotel/fr/novotel-aix-beaumanoir.en-gb.html
Aix-en-Provence,Le Mas D'Entremont,8.2,Double Room,https://www.booking.com/hotel/fr/mas-d-entremont.en-gb.html
Aix-en-Provence,Odalys City Aix en Provence Les Floridianes,7.8,Superior Studio with Terrace (2 People),https://www.booking.com/hotel/fr/les-floridianes.en-gb.html
Aix-en-Provence,Domaine de Saint Clair,9.7,Deluxe King Suite,https://www.booking.com/hotel/fr/domaine-de-saint-clair.en-gb.html
Aix-en-Provence,Belvoir Sissi exclusif Appart piscine chauffée 10 min centre AixenPc,9.9,Apartment - Ground Floor,https://www.booking.com/hotel/fr/belvoir-sissi.en-gb.html
Cassis,Appartement T3 - RDC - CASSIS,8.8,Apartment,https://www.booking.com/hotel/fr/appartement-t3-rdc-cassis.en-gb.html
Cassis,"Cassis, charmant appart en face de la plage.",8.9,One-Bedroom Apartment,https://www.booking.com/hotel/fr/cassis-charmant-appart-en-face-de-la-plage.en-gb.html
Cassis,Le Bosquet,8.3,Two-Bedroom Apartment,https://www.booking.com/hotel/fr/le-bosquet-cassis1.en-gb.html
Cassis,Le Clocher de Cassis,8.3,Apartment,https://www.booking.com/hotel/fr/clocher-de-cassis.en-gb.html
Cassis,Studio cocooning à 50 m du port,8.0,One-Bedroom Apartment,https://www.booking.com/hotel/fr/studio-cocooning-a-50-m-du-port.en-gb.html
Cassis,La Villa De Port-Miou,8.1,Apartment - Ground Floor,https://www.booking.com/hotel/fr/la-villa-de-port-miou.en-gb.html
Collioure,Collioure,8.4,Apartment,https://www.booking.com/hotel/fr/collioure-1-et-etage.en-gb.html
Collioure,Appartement de charme à 50m de la plage de sable,8.5,Apartment with Sea View,https://www.booking.com/hotel/fr/appartement-de-charme-a-50m-de-la-plage-de-sable.en-gb.html
Collioure,Hôtel des Templiers,8.0,Double Room with Bath,https://www.booking.com/hotel/fr/ha-tel-des-templiers.en-gb.html
Grenoble,Novotel Grenoble Centre,7.5,Classic Double Room with Sofa Bed,https://www.booking.com/hotel/fr/grenoble-centre.en-gb.html
Aix-en-Provence,Bastide des Lauves,4.5,Deluxe Villa,https://www.booking.com/hotel/fr/bastide-des-lauves.en-gb.html
Aix-en-Provence,thecamp hôtel Premium Lodge- Aix en Provence,8.0,Twin Room,https://www.booking.com/hotel/fr/thecamp-amp-lodges.en-gb.html
Aix-en-Provence,Hôtel Le Mozart,8.4,Double Room with Bath,https://www.booking.com/hotel/fr/le-mozart.en-gb.html
Cassis,studio Cassis Rastit,8.1,Apartment,https://www.booking.com/hotel/fr/studio-cassis-rastit.en-gb.html
Cassis,Appartement Esterelle,7.6,One-Bedroom Apartment,https://www.booking.com/hotel/fr/appartement-esterelle.en-gb.html
Grenoble,Park Hôtel Grenoble - MGallery,8.9,Superior Double Â Room,https://www.booking.com/hotel/fr/park-grenoble.en-gb.html
Grenoble,Residhome Grenoble Caserne De Bonne,7.7,Duplex Apartment (2 Adults),https://www.booking.com/hotel/fr/residhome-prestige-grenoble-caserne-de-bonne.en-gb.html
Grenoble,Mercure Grenoble Centre Alpotel,7.4,Standard Room with Two Single Beds,https://www.booking.com/hotel/fr/mercure-grenoble-centre-alpotel.en-gb.html
Grenoble,Villa atmosphère à l'ile verte,9.3,Double Room,https://www.booking.com/hotel/fr/sarl-residilaverde.en-gb.html
Grenoble,Welcome to Jules' home #DA,9.7,Apartment,https://www.booking.com/hotel/fr/welcome-to-jules-home-da.en-gb.html
Grenoble,ibis Grenoble Centre Bastille,7.2,Standard Room with 1 Double Bed,https://www.booking.com/hotel/fr/ibis-grenoble-centre.en-gb.html
Grenoble,Hôtel d’Angleterre Grenoble Hyper-Centre,7.6,Double Room,https://www.booking.com/hotel/fr/tiangleterre.en-gb.html
Grenoble,Appartements RESIDILAVERDE Hypercentre,8.0,Apartment,https://www.booking.com/hotel/fr/appartements-residilaverde-hypercentre.en-gb.html
Grenoble,Esprit Bistrot / Rent4night Grenoble,7.8,Deluxe Room,https://www.booking.com/hotel/fr/esprit-bistrot-rent4night-grenoble.en-gb.html
Grenoble,Appartements Residilaverde Gare,9.9,Studio,https://www.booking.com/hotel/fr/residilaverde-gare.en-gb.html
Grenoble,Appartement au Cœur du Centre Ville Grenoble,,One-Bedroom Apartment,https://www.booking.com/hotel/fr/appartement-au-coeur-du-centre-ville-grenoble.en-gb.html
Grenoble,Jungle studio proche de la gare - Bloomy appart,9.2,Studio with Mountain View,https://www.booking.com/hotel/fr/jungle-studio-proche-de-la-gare-bloomy-appart.en-gb.html
Grenoble,Résidence Le Patricia,7.6,Studio (2 Adults),https://www.booking.com/hotel/fr/ra-c-sidence-le-patricia.en-gb.html
Grenoble,Brit Hotel Suisse et Bordeaux - Centre Gare,7.7,Standard Double Room,https://www.booking.com/hotel/fr/suisse-et-bordeaux.en-gb.html
Grenoble,ibis Grenoble Gare,7.4,Standard Double Room,https://www.booking.com/hotel/fr/ibis-grenoble-gare.en-gb.html
Grenoble,Maison Barbillon Grenoble,8.2,Standard Double Room,https://www.booking.com/hotel/fr/maison-barbillon-grenoble.en-gb.html
Grenoble,Kyriad Grenoble Centre,7.6,Twin Room,https://www.booking.com/hotel/fr/qualityhotelgrenoble.en-gb.html
Grenoble,1924 Hôtel,8.5,Double Room,https://www.booking.com/hotel/fr/royal-grenoble.en-gb.html
Grenoble,Residhotel Grenette,7.5,One-Bedroom Apartment (4 Adults),https://www.booking.com/hotel/fr/le-royal-grenoble.en-gb.html
Grenoble,Hotel Europole,7.7,Standard Double Room,https://www.booking.com/hotel/fr/europole.en-gb.html
Grenoble,Le Hüb - Grenoble,8.2,One-Bedroom Apartment (4 Adults),https://www.booking.com/hotel/fr/le-hub-grenoble.en-gb.html
Grenoble,"Studio plein centre avec garage, piscine et gardien",8.0,Studio Apartment,https://www.booking.com/hotel/fr/appartement-2-personnes-avec-garage-piscine-et-gardien.en-gb.html
Grenoble,Tempologis Grenoble,8.2,Studio with Sofa Bed,https://www.booking.com/hotel/fr/tempologis-grenoble.en-gb.html
Grenoble,Adagio Grenoble Centre,7.3,Small Studio,https://www.booking.com/hotel/fr/hipark.en-gb.html
