hotel_name,lat,lon
room five MONTAUBAN,44.01786547,1.35385925
Hôtel La Casa Pairal,42.52616733,3.08235571
Hôtel Les Roches Blanches Cassis,43.21133700,5.52950200
Renaissance Aix-en-Provence Hotel,43.52624048,5.43820493
Castel Bois Marie,43.97917400,1.30914200
Manoir de la Gravette Maison d'Hôtes,44.04904337,1.34388352
Abbaye des Capucins Spa & Resort,44.02054293,1.34956688
Le Clos de Saint Amour,44.02487667,1.39281750
Kyriad Montauban Sud - Albasud,43.98204027,1.33269846
Les Loges de Montauban,44.01646338,1.35795479
Brit Hotel Confort Montauban,43.98081084,1.33039445
Domaine de Belcayre,43.99404175,1.37536302
Les Roches Brunes,42.52534777,3.09032446
En toute intimité dans le centre historique,44.01756350,1.35515750
Hotel Kyriad Montauban,44.04666211,1.39004409
Le Relais Des Trois Mas,42.52417281,3.08931068
L'équinoxe,42.52715790,3.08326890
Le Machado,42.52613521,3.08221858
Mas de la Croette Collioure,42.52173350,3.07287380
Villa Saint-Ange,43.52306800,5.45769900
Le Pigonnet - Esprit de France,43.51886697,5.44161469
Château de la Gaude,43.56879000,5.47851000
Aquabella Hôtel & Spa,43.53126360,5.44507004
Les Lodges Sainte-Victoire Hotel & Spa,43.52116980,5.49659729
Apartment Avenue Des Terrasses,43.22875335,5.53267070
Domaine Maraspar Cassis,43.21251500,5.55260400
Villa Gallici Hôtel & Spa,43.53610103,5.44878814
Caro à Cassis,43.21358093,5.54112803
Villa Le Sud,43.23304906,5.55305108
Le Central,44.01927605,1.36155604
Logement 2 chambres - Hypercentre Montauban,44.01578310,1.35598520
Best Western Hotel & SPA Coeur De Cassis,43.21457326,5.54014698
Suite privée avec piscine,44.04776511,1.35040889
Les Jardins de Cassis,43.22184049,5.54338490
2 appartements Rue du greffe,44.01703937,1.35448361
Charmant appartement 6 personnes - 1 min à pied hypercentre Montauban,44.02061690,1.35606060
Hôtel Princes de Catalogne,42.52591431,3.08268160
La Frégate,42.52638625,3.08325659
Hotel Méditerranée,42.52708254,3.08026291
Hotel Le Bon Port,42.52411449,3.08936566
Le Mas des Citronniers,42.52538159,3.08256391
Hôtel Cézanne Boutique-Hôtel,43.52356201,5.44593707
Negrecoste Hôtel & Spa,43.52684969,5.44901088
Grand Hôtel Roi René Aix en Provence Centre - MGallery,43.52332474,5.44972569
Golden Tulip Aix en Provence,43.52879731,5.42567968
Studio Calendal,43.21502645,5.54086153
Hotel de La Plage - Mahogany,43.21334946,5.53126283
Aparthotel Adagio Aix-en-Provence Centre,43.52890621,5.44086903
Royal Cottage,43.21622493,5.54290026
L'Escale des Libellules by BNB Conciergerie Mtban,44.01692547,1.35552350
"Hôtel et Appartement ""Le Maguy""",43.21330450,5.54191589
In Town by BNB Conciergerie Montauban,44.01496720,1.35499620
Best Western Plus Hôtel la Rade,43.21522997,5.53369693
Ibanova Appartements,42.52313330,3.08557610
COSYment parfait,44.01791946,1.35180471
Moustier,44.01036765,1.35776259
L'intimiste by BNB Conciergerie Montauban,44.02508340,1.36823230
Appartement fonctionnel hauteurs de Collioure,42.52181349,3.07335784
Résidence du Soleil,42.52311754,3.08542530
Le Madeloc Hôtel & Spa,42.52876467,3.07865426
Le Clos Saint Elme,42.52328654,3.08136290
Les Chênes-lièges d'Ambeille,42.52396992,3.07731113
Maison Jalon,43.57323483,5.41837934
Hôtel Birdy by Happyculture,43.48142972,5.36561430
Novotel Aix-en-Provence Pont de L'Arc,43.51169339,5.45698643
La Bastide de Ganay,43.60567000,5.42520000
Les Suites du Cours & Spa,43.52697234,5.44928754
La Rade,43.21534787,5.53474903
Chez Mamouska,43.21057500,5.54791300
Mirabeau - Chambre Meublée,43.21497073,5.53687444
CALYPSO,43.21703056,5.53575003
B&B HOTEL Montauban,44.04011965,1.38602390
"Cassis centre, superbe appartement neuf, 50m port.",43.21502800,5.53741590
Les Chalets du Manoir,44.04659296,1.30665529
Kyriad Direct Montauban Centre,44.02246008,1.35816604
Magnifique appartement proche centre Collioure,42.52182000,3.07730470
ibis budget Montauban Les Chaumes,44.00649224,1.38643178
Résidence Saint Vincent,42.52730095,3.08423268
location Coma Chéric,42.52307181,3.08747013
Duplex quartier piéton,42.52674400,3.08376720
Le charme de Collioure,42.52396280,3.08425040
Le Mas D'Entremont,43.55038715,5.42617321
Novotel Aix-en-Provence Beaumanoir,43.51348220,5.46591148
Odalys City Aix en Provence Les Floridianes,43.52133318,5.44477701
Belvoir Sissi exclusif Appart piscine chauffée 10 min centre AixenPc,43.54644210,5.46626070
Domaine de Saint Clair,43.49915642,5.43205649
"Cassis, charmant appart en face de la plage.",43.21320810,5.53886490
Appartement T3 - RDC - CASSIS,43.21788080,5.53613130
Studio cocooning à 50 m du port,43.21484615,5.53948764
La Villa De Port-Miou,43.21163133,5.52372660
Le Bosquet,43.21788080,5.53613130
Le Clocher de Cassis,43.21560200,5.53771110
Collioure,42.52756930,3.08488170
Appartement de charme à 50m de la plage de sable,42.52388210,3.08440230
Hôtel des Templiers,42.52666546,3.08394089
Bastide des Lauves,43.56310488,5.45465361
Novotel Grenoble Centre,45.19069500,5.71259558
Hôtel Le Mozart,43.52191762,5.45787156
thecamp hôtel Premium Lodge- Aix en Provence,43.49631600,5.34215200
Appartement Esterelle,43.21517020,5.54086153
studio Cassis Rastit,43.21490523,5.53760296
Park Hôtel Grenoble - MGallery,45.18410131,5.73294818
Residhome Grenoble Caserne De Bonne,45.18346987,5.72433829
Villa atmosphère à l'ile verte,45.19751190,5.74139480
Welcome to Jules' home #DA,45.17965550,5.72343760
ibis Grenoble Centre Bastille,45.19052518,5.72641228
Appartements RESIDILAVERDE Hypercentre,45.18864500,5.73024500
Mercure Grenoble Centre Alpotel,45.18327326,5.72969198
Hôtel d’Angleterre Grenoble Hyper-Centre,45.18920402,5.72537228
Esprit Bistrot / Rent4night Grenoble,45.18543211,5.74399642
Jungle studio proche de la gare - Bloomy appart,45.19509600,5.71390790
Appartements Residilaverde Gare,45.18988406,5.71627691
Appartement au Cœur du Centre Ville Grenoble,45.19285923,5.73032101
ibis Grenoble Gare,45.19289800,5.71739092
Brit Hotel Suisse et Bordeaux - Centre Gare,45.19051921,5.71601942
Kyriad Grenoble Centre,45.16819994,5.71199477
Maison Barbillon Grenoble,45.19079330,5.71669668
Résidence Le Patricia,45.19209970,5.72396229
Residhotel Grenette,45.19056363,5.72448447
1924 Hôtel,45.18928483,5.71861982
Hotel Europole,45.19023755,5.71266398
Le Hüb - Grenoble,45.19287300,5.71191700
"Studio plein centre avec garage, piscine et gardien",45.18616730,5.72199124
Tempologis Grenoble,45.17927340,5.73433891
Adagio Grenoble Centre,45.18960902,5.71217850
