hotel_city,hotel_name,hotel_score,hotel_desc,hotel_url,lat,lon
Montauban,Castel Bois Marie,9.3,Deluxe King Suite,https://www.booking.com/hotel/fr/castel-bois-marie.en-gb.html,43.979174,1.309142
Montauban,Abbaye des Capucins Spa & Resort,8.2,Double Room Tradition,https://www.booking.com/hotel/fr/abbaye-des-capucins-spa-and-resort.en-gb.html,44.02054293,1.34956688
Montauban,Manoir de la Gravette Maison d'Hôtes,9.6,Deluxe Double Room,https://www.booking.com/hotel/fr/le-manoir-de-la-gravette.en-gb.html,44.04904337,1.34388352
Montauban,room five MONTAUBAN,9.5,One-Bedroom Apartment,https://www.booking.com/hotel/fr/room-five-montauban.en-gb.html,44.01786547,1.35385925
Montauban,Le Clos de Saint Amour,8.8,Family Room Cupidon,https://www.booking.com/hotel/fr/le-clos-de-saint-amour.en-gb.html,44.02487667,1.3928175
Collioure,Hôtel La Casa Pairal,8.8,Collection Double Room,https://www.booking.com/hotel/fr/hotelcasapairal.en-gb.html,42.52616733,3.08235571
Aix-en-Provence,Renaissance Aix-en-Provence Hotel,8.2,Superior King Room,https://www.booking.com/hotel/fr/renaissance-aix-en-provence.en-gb.html,43.52624048,5.43820493
Cassis,Hôtel Les Roches Blanches Cassis,8.7,Deluxe Room,https://www.booking.com/hotel/fr/des-roches-blanches.en-gb.html,43.211337,5.529502
Montauban,Kyriad Montauban Sud - Albasud,6.5,Double Room,https://www.booking.com/hotel/fr/hoteletrestaurantcampanilemontauban.en-gb.html,43.98204027,1.33269846
Montauban,Brit Hotel Confort Montauban,7.6,Standard Double Room,https://www.booking.com/hotel/fr/deltour-montauban-city.en-gb.html,43.98081084,1.33039445
Montauban,Les Loges de Montauban,9.0,One-Bedroom Apartment,https://www.booking.com/hotel/fr/les-loges-de-montauban.en-gb.html,44.01646338,1.35795479
Montauban,Hotel Kyriad Montauban,7.4,Double Room,https://www.booking.com/hotel/fr/kyriad-montauban-montauban.en-gb.html,44.04666211,1.39004409
Montauban,En toute intimité dans le centre historique,9.0,One-Bedroom Apartment,https://www.booking.com/hotel/fr/en-toute-intimite-dans-le-centre-historique.en-gb.html,44.0175635,1.3551575
Montauban,Domaine de Belcayre,8.9,Double Room,https://www.booking.com/hotel/fr/domaine-de-belcayre.en-gb.html,43.99404175,1.37536302
Collioure,Les Roches Brunes,9.0,Double Room with Sea View,https://www.booking.com/hotel/fr/les-roches-brunes-collioure.en-gb.html,42.52534777,3.09032446
Collioure,Le Relais Des Trois Mas,8.7,Comfort Double Room Without Balcony,https://www.booking.com/hotel/fr/le-relais-des-trois-mas.en-gb.html,42.52417281,3.08931068
Collioure,L'équinoxe,9.4,Three-Bedroom Apartment,https://www.booking.com/hotel/fr/l-39-equinoxe.en-gb.html,42.5271579,3.0832689
Collioure,Le Machado,8.6,Deluxe Apartment,https://www.booking.com/hotel/fr/le-machado.en-gb.html,42.52613521,3.08221858
Collioure,Mas de la Croette Collioure,,Villa with Private Pool,https://www.booking.com/hotel/fr/mas-de-la-croette-collioure.en-gb.html,42.5217335,3.0728738
Aix-en-Provence,Les Lodges Sainte-Victoire Hotel & Spa,9.0,Deluxe Double Room with Free Spa Access,https://www.booking.com/hotel/fr/les-lodges-sainte-victoire.en-gb.html,43.5211698,5.49659729
Aix-en-Provence,Villa Saint-Ange,9.3,Standard Double or Twin Room,https://www.booking.com/hotel/fr/villa-saint-ange.en-gb.html,43.523068,5.457699
Aix-en-Provence,Le Pigonnet - Esprit de France,8.5,Classic Double Room,https://www.booking.com/hotel/fr/le-pigonnet.en-gb.html,43.51886697,5.44161469
Aix-en-Provence,Château de la Gaude,9.0,Deluxe Room,https://www.booking.com/hotel/fr/chateau-de-la-gaude.en-gb.html,43.56879,5.47851
Aix-en-Provence,Villa Gallici Hôtel & Spa,9.1,Classic Double Room with Free Spa Access,https://www.booking.com/hotel/fr/villagallici.en-gb.html,43.53610103,5.44878814
Aix-en-Provence,Aquabella Hôtel & Spa,8.4,Comfort Double Room,https://www.booking.com/hotel/fr/hotel-aquabella.en-gb.html,43.5312636,5.44507004
Cassis,Apartment Avenue Des Terrasses,8.9,Apartment - Ground Floor,https://www.booking.com/hotel/fr/apartment-avenue-des-terrasses.en-gb.html,43.22875335,5.5326707
Cassis,Domaine Maraspar Cassis,,Holiday Home,https://www.booking.com/hotel/fr/domaine-maraspar-cassis.en-gb.html,43.212515,5.552604
Cassis,Caro à Cassis,8.2,Three-Bedroom Apartment,https://www.booking.com/hotel/fr/caro-a-cassis.en-gb.html,43.21358093,5.54112803
Cassis,Les Jardins de Cassis,7.8,Double Room,https://www.booking.com/hotel/fr/les-jardins-de-cassis.en-gb.html,43.22184049,5.5433849
Cassis,Villa Le Sud,9.4,Double Room,https://www.booking.com/hotel/fr/villa-le-sud-cassis.en-gb.html,43.23304906,5.55305108
Cassis,Best Western Hotel & SPA Coeur De Cassis,8.1,Classic Queen Room,https://www.booking.com/hotel/fr/du-grand-jardin.en-gb.html,43.21457326,5.54014698
Montauban,Le Central,7.6,Two-Bedroom Apartment,https://www.booking.com/hotel/fr/le-central-montauban.en-gb.html,44.01927605,1.36155604
Montauban,Suite privée avec piscine,8.1,One-Bedroom Apartment,https://www.booking.com/hotel/fr/suite-privee-avec-piscine.en-gb.html,44.04776511,1.35040889
Montauban,2 appartements Rue du greffe,8.6,One-Bedroom Apartment,https://www.booking.com/hotel/fr/authentic-night-montauban.en-gb.html,44.01703937,1.35448361
Montauban,Logement 2 chambres - Hypercentre Montauban,,Two-Bedroom Apartment,https://www.booking.com/hotel/fr/montauban.en-gb.html,44.0157831,1.3559852
Montauban,Charmant appartement 6 personnes - 1 min à pied hypercentre Montauban,,Two-Bedroom Apartment,https://www.booking.com/hotel/fr/appartement-chourfi.en-gb.html,44.0206169,1.3560606
Collioure,Hôtel Princes de Catalogne,7.9,Standard Double or Twin Room,https://www.booking.com/hotel/fr/princes-de-catalogne.en-gb.html,42.52591431,3.0826816
Collioure,Hotel Le Bon Port,8.1,Double Room with Sea View,https://www.booking.com/hotel/fr/le-bon-port.en-gb.html,42.52411449,3.08936566
Collioure,Le Mas des Citronniers,8.0,Classic Double Room,https://www.booking.com/hotel/fr/lesmasdescitronniers.en-gb.html,42.52538159,3.08256391
Collioure,La Frégate,8.2,Superior Double Room,https://www.booking.com/hotel/fr/la-fra-c-gate-collioure.en-gb.html,42.52638625,3.08325659
Collioure,Hotel Méditerranée,7.7,Double Room,https://www.booking.com/hotel/fr/mediterranee-collioure.en-gb.html,42.52708254,3.08026291
Aix-en-Provence,Hôtel Cézanne Boutique-Hôtel,8.1,Superior Double Room,https://www.booking.com/hotel/fr/cezanne-aix-en-provence.en-gb.html,43.52356201,5.44593707
Aix-en-Provence,Negrecoste Hôtel & Spa,7.7,Classic Double Room,https://www.booking.com/hotel/fr/grand-negre-coste.en-gb.html,43.52684969,5.44901088
Aix-en-Provence,Golden Tulip Aix en Provence,8.0,Superior Queen Room,https://www.booking.com/hotel/fr/golden-tulip-aix-en-provence.en-gb.html,43.52879731,5.42567968
Aix-en-Provence,Grand Hôtel Roi René Aix en Provence Centre - MGallery,7.8,Classic Double Room,https://www.booking.com/hotel/fr/grand-mercure-roi-rene.en-gb.html,43.52332474,5.44972569
Aix-en-Provence,Aparthotel Adagio Aix-en-Provence Centre,8.4,Superior Apartment with Balcony,https://www.booking.com/hotel/fr/pierre-vacances-city-centre.en-gb.html,43.52890621,5.44086903
Cassis,"Hôtel et Appartement ""Le Maguy""",8.7,Studio with Mountain View,https://www.booking.com/hotel/fr/ha-tel-de-france-maguy.en-gb.html,43.2133045,5.54191589
Cassis,Studio Calendal,7.2,Studio Apartment,https://www.booking.com/hotel/fr/studio-calendal.en-gb.html,43.21502645,5.54086153
Cassis,Hotel de La Plage - Mahogany,7.9,Double Room with Garden View,https://www.booking.com/hotel/fr/de-la-plage-cassis.en-gb.html,43.21334946,5.53126283
Cassis,Royal Cottage,8.2,Superior Double Room with Terrace,https://www.booking.com/hotel/fr/royal-cottage.en-gb.html,43.21622493,5.54290026
Cassis,Best Western Plus Hôtel la Rade,8.0,Comfort Queen Room,https://www.booking.com/hotel/fr/la-rade-cassis.en-gb.html,43.21522997,5.53369693
Montauban,In Town by BNB Conciergerie Montauban,9.0,Studio Apartment,https://www.booking.com/hotel/fr/le-in-town-by-bnb-conciergerie-montauban.en-gb.html,44.0149672,1.3549962
Montauban,L'Escale des Libellules by BNB Conciergerie Mtban,10.0,Apartment,https://www.booking.com/hotel/fr/escale-des-libellules-by-bnb-conciergerie-mtban.en-gb.html,44.01692547,1.3555235
Montauban,Moustier,8.6,One-Bedroom Apartment,https://www.booking.com/hotel/fr/moustier.en-gb.html,44.01036765,1.35776259
Montauban,COSYment parfait,8.1,Apartment,https://www.booking.com/hotel/fr/cosyment-parfait.en-gb.html,44.01791946,1.35180471
Montauban,L'intimiste by BNB Conciergerie Montauban,8.5,Studio with Sofa Bed,https://www.booking.com/hotel/fr/intimiste-by-bnb-conciergerie-montauban.en-gb.html,44.0250834,1.3682323
Collioure,Ibanova Appartements,8.4,Studio Apartment,https://www.booking.com/hotel/fr/ibanova.en-gb.html,42.5231333,3.0855761
Collioure,Le Clos Saint Elme,7.9,Large Double Room,https://www.booking.com/hotel/fr/les-lauriers-roses-collioure.en-gb.html,42.52328654,3.0813629
Collioure,Le Madeloc Hôtel & Spa,8.8,Standard Room,https://www.booking.com/hotel/fr/madeloc.en-gb.html,42.52876467,3.07865426
Collioure,Appartement fonctionnel hauteurs de Collioure,7.8,One-Bedroom Apartment,https://www.booking.com/hotel/fr/appartement-fonctionnel-a-collioure.en-gb.html,42.52181349,3.07335784
Collioure,Résidence du Soleil,7.8,Apartment,https://www.booking.com/hotel/fr/residence-du-soleil-collioure.en-gb.html,42.52311754,3.0854253
Collioure,Les Chênes-lièges d'Ambeille,8.0,One-Bedroom Apartment,https://www.booking.com/hotel/fr/chenes-lieges.en-gb.html,42.52396992,3.07731113
Aix-en-Provence,Novotel Aix-en-Provence Pont de L'Arc,7.0,Classic Room with One Double Bed and One Sofa,https://www.booking.com/hotel/fr/aix-en-provence-pont-de-l-arc-fenouilleres.en-gb.html,43.51169339,5.45698643
Aix-en-Provence,Maison Jalon,9.6,Double Room with Pool View,https://www.booking.com/hotel/fr/maison-jalon.en-gb.html,43.57323483,5.41837934
Aix-en-Provence,Hôtel Birdy by Happyculture,8.0,Standard Twin Room,https://www.booking.com/hotel/fr/royal-mirabeau.en-gb.html,43.48142972,5.3656143
Aix-en-Provence,La Bastide de Ganay,8.9,Double Room,https://www.booking.com/hotel/fr/la-bastide-de-ganay-aix-en-provence123456789101112.en-gb.html,43.60567,5.4252
Aix-en-Provence,Les Suites du Cours & Spa,9.1,Deluxe Suite with Balcony,https://www.booking.com/hotel/fr/les-suites-du-cours.en-gb.html,43.52697234,5.44928754
Cassis,La Rade,8.8,Apartment with Sea View,https://www.booking.com/hotel/fr/la-rade-cassis1.en-gb.html,43.21534787,5.53474903
Cassis,Chez Mamouska,8.2,Double Room with Terrace,https://www.booking.com/hotel/fr/chez-mamouska.en-gb.html,43.210575,5.547913
Cassis,Mirabeau - Chambre Meublée,8.1,Double Room,https://www.booking.com/hotel/fr/mirabeau-cassis.en-gb.html,43.21497073,5.53687444
Cassis,CALYPSO,8.2,Apartment with Sea View,https://www.booking.com/hotel/fr/sea-and-sun-cassis.en-gb.html,43.21703056,5.53575003
Cassis,"Cassis centre, superbe appartement neuf, 50m port.",9.2,One-Bedroom Apartment,https://www.booking.com/hotel/fr/cassis-centre-superbe-appartement-neuf-50m-port.en-gb.html,43.215028,5.5374159
Montauban,Les Chalets du Manoir,9.1,Double Room,https://www.booking.com/hotel/fr/les-chalets-du-manoir.en-gb.html,44.04659296,1.30665529
Montauban,B&B HOTEL Montauban,7.8,Standard Double Room,https://www.booking.com/hotel/fr/b-amp-b-montauban.en-gb.html,44.04011965,1.3860239
Montauban,Kyriad Direct Montauban Centre,6.9,1 lit double + 1 lit simple superposé,https://www.booking.com/hotel/fr/kyriad-direct-montauban-centre.en-gb.html,44.02246008,1.35816604
Montauban,ibis budget Montauban Les Chaumes,7.7,Triple Room,https://www.booking.com/hotel/fr/ibis-budget-montauban-les-chaumes.en-gb.html,44.00649224,1.38643178
Collioure,Magnifique appartement proche centre Collioure,8.0,Two-Bedroom Apartment,https://www.booking.com/hotel/fr/magnifique-appartement-proche-centre-collioure.en-gb.html,42.52182,3.0773047
Collioure,location Coma Chéric,9.1,Three-Bedroom Apartment,https://www.booking.com/hotel/fr/location-coma-cheric.en-gb.html,42.52307181,3.08747013
Collioure,Résidence Saint Vincent,8.0,Studio third floor,https://www.booking.com/hotel/fr/residence-saint-vincent.en-gb.html,42.52730095,3.08423268
Collioure,Duplex quartier piéton,8.2,Two-Bedroom Apartment,https://www.booking.com/hotel/fr/duplex-quartier-pieton.en-gb.html,42.526744,3.0837672
Collioure,Le charme de Collioure,7.2,One-Bedroom Apartment,https://www.booking.com/hotel/fr/le-charme-de-collioure.en-gb.html,42.5239628,3.0842504
Aix-en-Provence,Novotel Aix-en-Provence Beaumanoir,7.0,Family Room,https://www.booking.com/hotel/fr/novotel-aix-beaumanoir.en-gb.html,43.5134822,5.46591148
Aix-en-Provence,Le Mas D'Entremont,8.2,Double Room,https://www.booking.com/hotel/fr/mas-d-entremont.en-gb.html,43.55038715,5.42617321
Aix-en-Provence,Odalys City Aix en Provence Les Floridianes,7.8,Superior Studio with Terrace (2 People),https://www.booking.com/hotel/fr/les-floridianes.en-gb.html,43.52133318,5.44477701
Aix-en-Provence,Domaine de Saint Clair,9.7,Deluxe King Suite,https://www.booking.com/hotel/fr/domaine-de-saint-clair.en-gb.html,43.49915642,5.43205649
Aix-en-Provence,Belvoir Sissi exclusif Appart piscine chauffée 10 min centre AixenPc,9.9,Apartment - Ground Floor,https://www.booking.com/hotel/fr/belvoir-sissi.en-gb.html,43.5464421,5.4662607
Cassis,Appartement T3 - RDC - CASSIS,8.8,Apartment,https://www.booking.com/hotel/fr/appartement-t3-rdc-cassis.en-gb.html,43.2178808,5.5361313
Cassis,"Cassis, charmant appart en face de la plage.",8.9,One-Bedroom Apartment,https://www.booking.com/hotel/fr/cassis-charmant-appart-en-face-de-la-plage.en-gb.html,43.2132081,5.5388649
Cassis,Le Bosquet,8.3,Two-Bedroom Apartment,https://www.booking.com/hotel/fr/le-bosquet-cassis1.en-gb.html,43.2178808,5.5361313
Cassis,Le Clocher de Cassis,8.3,Apartment,https://www.booking.com/hotel/fr/clocher-de-cassis.en-gb.html,43.215602,5.5377111
Cassis,Studio cocooning à 50 m du port,8.0,One-Bedroom Apartment,https://www.booking.com/hotel/fr/studio-cocooning-a-50-m-du-port.en-gb.html,43.21484615,5.53948764
Cassis,La Villa De Port-Miou,8.1,Apartment - Ground Floor,https://www.booking.com/hotel/fr/la-villa-de-port-miou.en-gb.html,43.21163133,5.5237266
Collioure,Collioure,8.4,Apartment,https://www.booking.com/hotel/fr/collioure-1-et-etage.en-gb.html,42.5275693,3.0848817
Collioure,Appartement de charme à 50m de la plage de sable,8.5,Apartment with Sea View,https://www.booking.com/hotel/fr/appartement-de-charme-a-50m-de-la-plage-de-sable.en-gb.html,42.5238821,3.0844023
Collioure,Hôtel des Templiers,8.0,Double Room with Bath,https://www.booking.com/hotel/fr/ha-tel-des-templiers.en-gb.html,42.52666546,3.08394089
Grenoble,Novotel Grenoble Centre,7.5,Classic Double Room with Sofa Bed,https://www.booking.com/hotel/fr/grenoble-centre.en-gb.html,45.190695,5.71259558
Aix-en-Provence,Bastide des Lauves,4.5,Deluxe Villa,https://www.booking.com/hotel/fr/bastide-des-lauves.en-gb.html,43.56310488,5.45465361
Aix-en-Provence,thecamp hôtel Premium Lodge- Aix en Provence,8.0,Twin Room,https://www.booking.com/hotel/fr/thecamp-amp-lodges.en-gb.html,43.496316,5.342152
Aix-en-Provence,Hôtel Le Mozart,8.4,Double Room with Bath,https://www.booking.com/hotel/fr/le-mozart.en-gb.html,43.52191762,5.45787156
Cassis,studio Cassis Rastit,8.1,Apartment,https://www.booking.com/hotel/fr/studio-cassis-rastit.en-gb.html,43.21490523,5.53760296
Cassis,Appartement Esterelle,7.6,One-Bedroom Apartment,https://www.booking.com/hotel/fr/appartement-esterelle.en-gb.html,43.2151702,5.54086153
Grenoble,Park Hôtel Grenoble - MGallery,8.9,Superior Double Â Room,https://www.booking.com/hotel/fr/park-grenoble.en-gb.html,45.18410131,5.73294818
Grenoble,Residhome Grenoble Caserne De Bonne,7.7,Duplex Apartment (2 Adults),https://www.booking.com/hotel/fr/residhome-prestige-grenoble-caserne-de-bonne.en-gb.html,45.18346987,5.72433829
Grenoble,Mercure Grenoble Centre Alpotel,7.4,Standard Room with Two Single Beds,https://www.booking.com/hotel/fr/mercure-grenoble-centre-alpotel.en-gb.html,45.18327326,5.72969198
Grenoble,Villa atmosphère à l'ile verte,9.3,Double Room,https://www.booking.com/hotel/fr/sarl-residilaverde.en-gb.html,45.1975119,5.7413948
Grenoble,Welcome to Jules' home #DA,9.7,Apartment,https://www.booking.com/hotel/fr/welcome-to-jules-home-da.en-gb.html,45.1796555,5.7234376
Grenoble,ibis Grenoble Centre Bastille,7.2,Standard Room with 1 Double Bed,https://www.booking.com/hotel/fr/ibis-grenoble-centre.en-gb.html,45.19052518,5.72641228
Grenoble,Hôtel d’Angleterre Grenoble Hyper-Centre,7.6,Double Room,https://www.booking.com/hotel/fr/tiangleterre.en-gb.html,45.18920402,5.72537228
Grenoble,Appartements RESIDILAVERDE Hypercentre,8.0,Apartment,https://www.booking.com/hotel/fr/appartements-residilaverde-hypercentre.en-gb.html,45.188645,5.730245
Grenoble,Esprit Bistrot / Rent4night Grenoble,7.8,Deluxe Room,https://www.booking.com/hotel/fr/esprit-bistrot-rent4night-grenoble.en-gb.html,45.18543211,5.74399642
Grenoble,Appartements Residilaverde Gare,9.9,Studio,https://www.booking.com/hotel/fr/residilaverde-gare.en-gb.html,45.18988406,5.71627691
Grenoble,Appartement au Cœur du Centre Ville Grenoble,,One-Bedroom Apartment,https://www.booking.com/hotel/fr/appartement-au-coeur-du-centre-ville-grenoble.en-gb.html,45.19285923,5.73032101
Grenoble,Jungle studio proche de la gare - Bloomy appart,9.2,Studio with Mountain View,https://www.booking.com/hotel/fr/jungle-studio-proche-de-la-gare-bloomy-appart.en-gb.html,45.195096,5.7139079
Grenoble,Résidence Le Patricia,7.6,Studio (2 Adults),https://www.booking.com/hotel/fr/ra-c-sidence-le-patricia.en-gb.html,45.1920997,5.72396229
Grenoble,Brit Hotel Suisse et Bordeaux - Centre Gare,7.7,Standard Double Room,https://www.booking.com/hotel/fr/suisse-et-bordeaux.en-gb.html,45.19051921,5.71601942
Grenoble,ibis Grenoble Gare,7.4,Standard Double Room,https://www.booking.com/hotel/fr/ibis-grenoble-gare.en-gb.html,45.192898,5.71739092
Grenoble,Maison Barbillon Grenoble,8.2,Standard Double Room,https://www.booking.com/hotel/fr/maison-barbillon-grenoble.en-gb.html,45.1907933,5.71669668
Grenoble,Kyriad Grenoble Centre,7.6,Twin Room,https://www.booking.com/hotel/fr/qualityhotelgrenoble.en-gb.html,45.16819994,5.71199477
Grenoble,1924 Hôtel,8.5,Double Room,https://www.booking.com/hotel/fr/royal-grenoble.en-gb.html,45.18928483,5.71861982
Grenoble,Residhotel Grenette,7.5,One-Bedroom Apartment (4 Adults),https://www.booking.com/hotel/fr/le-royal-grenoble.en-gb.html,45.19056363,5.72448447
Grenoble,Hotel Europole,7.7,Standard Double Room,https://www.booking.com/hotel/fr/europole.en-gb.html,45.19023755,5.71266398
Grenoble,Le Hüb - Grenoble,8.2,One-Bedroom Apartment (4 Adults),https://www.booking.com/hotel/fr/le-hub-grenoble.en-gb.html,45.192873,5.711917
Grenoble,"Studio plein centre avec garage, piscine et gardien",8.0,Studio Apartment,https://www.booking.com/hotel/fr/appartement-2-personnes-avec-garage-piscine-et-gardien.en-gb.html,45.1861673,5.72199124
Grenoble,Tempologis Grenoble,8.2,Studio with Sofa Bed,https://www.booking.com/hotel/fr/tempologis-grenoble.en-gb.html,45.1792734,5.73433891
Grenoble,Adagio Grenoble Centre,7.3,Small Studio,https://www.booking.com/hotel/fr/hipark.en-gb.html,45.18960902,5.7121785
